               epoch,      train/box_loss,      train/obj_loss,      train/cls_loss,   metrics/precision,      metrics/recall,     metrics/mAP_0.5,metrics/mAP_0.5:0.95,        val/box_loss,        val/obj_loss,        val/cls_loss,               x/lr0,               x/lr1,               x/lr2
                   0,            0.094192,            0.089519,            0.082748,                   0,                   0,                   0,                   0,            0.093619,            0.037181,            0.078976,            0.070385,           0.0032906,           0.0032906
                   1,            0.077838,            0.084858,             0.07594,             0.13858,             0.11205,            0.033917,           0.0098554,            0.061536,            0.026067,            0.072022,            0.040363,           0.0066021,           0.0066021
                   2,            0.070407,            0.079919,            0.072771,            0.093059,             0.22109,            0.066818,            0.023292,            0.054572,            0.027698,            0.069064,            0.010319,           0.0098915,           0.0098915
                   3,            0.065264,             0.08097,            0.070434,             0.17132,             0.26047,              0.1038,            0.036995,            0.048054,            0.025411,            0.064807,            0.009901,            0.009901,            0.009901
                   4,            0.061499,            0.074969,             0.06797,             0.23176,             0.29992,             0.14442,            0.064252,              0.0422,            0.021834,            0.059982,            0.009901,            0.009901,            0.009901
                   5,            0.059346,            0.075649,            0.065704,             0.41002,             0.31537,             0.18154,            0.084077,            0.040917,            0.021388,            0.056597,            0.009868,            0.009868,            0.009868
                   6,             0.05821,             0.07502,            0.063596,             0.27939,             0.32422,             0.21315,            0.094074,            0.040225,            0.020839,            0.054646,            0.009835,            0.009835,            0.009835
                   7,             0.05682,            0.072613,            0.061443,             0.39433,             0.36816,              0.2466,             0.11852,            0.039424,            0.020841,            0.051542,            0.009802,            0.009802,            0.009802
                   8,             0.05644,            0.073528,            0.059724,             0.69834,             0.26996,             0.30265,             0.13756,            0.039529,             0.02097,            0.047825,            0.009769,            0.009769,            0.009769
                   9,            0.055783,            0.072371,            0.058326,             0.42355,             0.40792,             0.31451,             0.15463,            0.037895,            0.020215,            0.047763,            0.009736,            0.009736,            0.009736
                  10,             0.05508,             0.07208,            0.056983,             0.68036,             0.36068,              0.3629,             0.18115,            0.037167,             0.02003,            0.044244,            0.009703,            0.009703,            0.009703
                  11,            0.054361,            0.072538,            0.056182,             0.71412,             0.36278,             0.41248,             0.21562,            0.036745,            0.019611,            0.043154,             0.00967,             0.00967,             0.00967
                  12,            0.053681,            0.071515,            0.054812,             0.76257,             0.37838,             0.44571,             0.21991,            0.036997,            0.019987,            0.040655,            0.009637,            0.009637,            0.009637
                  13,            0.053404,            0.070518,            0.053706,             0.78227,             0.35133,             0.43968,             0.23319,            0.036551,             0.01949,            0.039879,            0.009604,            0.009604,            0.009604
                  14,            0.053158,             0.07132,            0.052793,             0.50938,             0.52928,             0.47418,             0.25869,            0.035108,            0.019178,            0.037059,            0.009571,            0.009571,            0.009571
                  15,             0.05308,            0.070301,            0.052038,             0.48346,             0.53186,             0.46978,             0.25395,             0.03594,             0.01939,            0.036773,            0.009538,            0.009538,            0.009538
                  16,            0.052388,            0.068587,            0.051409,              0.5284,             0.53983,               0.484,             0.26335,             0.03506,            0.019196,             0.03433,            0.009505,            0.009505,            0.009505
                  17,            0.051999,            0.069398,            0.050832,             0.51988,              0.6111,             0.51401,             0.27348,            0.035598,            0.019223,             0.03439,            0.009472,            0.009472,            0.009472
                  18,            0.052355,            0.070868,            0.050318,             0.50062,              0.6269,             0.51305,             0.28321,            0.033807,            0.019165,            0.033676,            0.009439,            0.009439,            0.009439
                  19,             0.05169,            0.069359,             0.04983,             0.61549,             0.54347,             0.52749,             0.30026,            0.034349,            0.018955,            0.033243,            0.009406,            0.009406,            0.009406
                  20,            0.051374,            0.069655,            0.049091,             0.63546,              0.5331,             0.53675,             0.29847,            0.033876,             0.01894,            0.032821,            0.009373,            0.009373,            0.009373
                  21,            0.051281,            0.068096,            0.048681,              0.4681,             0.65852,             0.55028,             0.31812,            0.034234,            0.018731,            0.032843,             0.00934,             0.00934,             0.00934
                  22,            0.051126,            0.070048,            0.048448,             0.66749,             0.53995,             0.56246,             0.30802,            0.035526,            0.018782,            0.032971,            0.009307,            0.009307,            0.009307
                  23,            0.050514,            0.067961,             0.04821,             0.44636,             0.66529,             0.56362,             0.32519,            0.034496,            0.018758,            0.032343,            0.009274,            0.009274,            0.009274
                  24,            0.050536,            0.068837,            0.047164,             0.49389,             0.64993,             0.58038,             0.32903,            0.034276,            0.018788,            0.031692,            0.009241,            0.009241,            0.009241
                  25,            0.050537,            0.069848,            0.047407,             0.43379,             0.70557,             0.57342,             0.33404,            0.033861,            0.018583,            0.030659,            0.009208,            0.009208,            0.009208
                  26,            0.050562,            0.067943,            0.047286,             0.41288,             0.70966,             0.57195,             0.33227,            0.032843,            0.018604,            0.029889,            0.009175,            0.009175,            0.009175
                  27,            0.049934,            0.067583,            0.046757,             0.46601,             0.72214,             0.59334,             0.34433,            0.034027,            0.018526,            0.029979,            0.009142,            0.009142,            0.009142
                  28,            0.049582,            0.067241,            0.046014,             0.45443,             0.75941,              0.5929,             0.34419,            0.033645,            0.018437,            0.029561,            0.009109,            0.009109,            0.009109
                  29,            0.049617,            0.066738,            0.045958,             0.45719,             0.70477,              0.5968,             0.34913,            0.032972,            0.018482,             0.02928,            0.009076,            0.009076,            0.009076
                  30,             0.04979,            0.067883,            0.045441,             0.45493,             0.76398,             0.60011,             0.35902,            0.033068,            0.018433,            0.028799,            0.009043,            0.009043,            0.009043
                  31,            0.049359,            0.067039,            0.045244,             0.49448,             0.75629,             0.61534,             0.36034,             0.03279,            0.018327,            0.028757,             0.00901,             0.00901,             0.00901
                  32,            0.049225,            0.066974,            0.045406,             0.48815,             0.76069,             0.62339,             0.36812,            0.033055,            0.018264,            0.028094,            0.008977,            0.008977,            0.008977
                  33,            0.049633,            0.067213,            0.045032,             0.51082,             0.75288,             0.62685,             0.37777,            0.032942,            0.018215,            0.028275,            0.008944,            0.008944,            0.008944
                  34,            0.048835,             0.06568,            0.044807,             0.49005,             0.75973,             0.61835,             0.36432,            0.033059,            0.018433,            0.027991,            0.008911,            0.008911,            0.008911
                  35,            0.049168,            0.066985,            0.044441,             0.49507,             0.74923,             0.62142,             0.37604,            0.032428,            0.018305,             0.02819,            0.008878,            0.008878,            0.008878
                  36,            0.049075,            0.067077,             0.04432,             0.50833,             0.77148,             0.64404,              0.3892,             0.03209,            0.018144,            0.027263,            0.008845,            0.008845,            0.008845
                  37,            0.048919,            0.068517,            0.044164,             0.53318,              0.7565,             0.64535,             0.39256,            0.032712,            0.018072,            0.027301,            0.008812,            0.008812,            0.008812
                  38,            0.048618,            0.066699,             0.04412,              0.5022,             0.74808,             0.63686,             0.38846,            0.032283,            0.018113,            0.026778,            0.008779,            0.008779,            0.008779
                  39,            0.048686,            0.067368,            0.043363,             0.51771,             0.76925,             0.65143,             0.39743,            0.032474,            0.018103,            0.027568,            0.008746,            0.008746,            0.008746
                  40,            0.048171,            0.066459,            0.043387,             0.54538,              0.7852,             0.65959,             0.40662,            0.031755,            0.017968,            0.026403,            0.008713,            0.008713,            0.008713
                  41,            0.048455,             0.06613,            0.043019,              0.5709,             0.75709,             0.65638,             0.40816,            0.031831,            0.018026,            0.026259,             0.00868,             0.00868,             0.00868
                  42,             0.04823,            0.066312,            0.042946,             0.52828,             0.76243,             0.65853,             0.40523,            0.032076,            0.017927,            0.026343,            0.008647,            0.008647,            0.008647
                  43,            0.048115,            0.066697,            0.042838,             0.55718,              0.7727,              0.6777,              0.4204,             0.03159,            0.017931,            0.023466,            0.008614,            0.008614,            0.008614
                  44,            0.048206,            0.066136,            0.043538,              0.5623,             0.77515,             0.68335,             0.42282,             0.03155,            0.017981,             0.02328,            0.008581,            0.008581,            0.008581
                  45,            0.047843,            0.066224,            0.042714,             0.57586,             0.79251,             0.67031,             0.41563,            0.031348,            0.017954,            0.024484,            0.008548,            0.008548,            0.008548
                  46,             0.04761,            0.065686,            0.042545,             0.60755,             0.78424,             0.68616,             0.42784,            0.031303,            0.017921,            0.024847,            0.008515,            0.008515,            0.008515
                  47,            0.047736,            0.065808,            0.042617,             0.58995,             0.79566,             0.69631,             0.44151,            0.031504,            0.017788,            0.023843,            0.008482,            0.008482,            0.008482
                  48,            0.048247,             0.06793,            0.042339,             0.58903,             0.77833,             0.68696,             0.43327,            0.031516,            0.017832,            0.024265,            0.008449,            0.008449,            0.008449
                  49,            0.047649,            0.065613,            0.041771,             0.61054,              0.7713,             0.70883,              0.4482,            0.032094,            0.017886,            0.024962,            0.008416,            0.008416,            0.008416
                  50,            0.047339,            0.065767,            0.041687,             0.60124,             0.78295,             0.70696,             0.43955,            0.031622,            0.017907,            0.023653,            0.008383,            0.008383,            0.008383
                  51,            0.047435,            0.064945,             0.04156,             0.60712,             0.77972,             0.69976,             0.44809,            0.031336,              0.0177,            0.022931,             0.00835,             0.00835,             0.00835
                  52,            0.047352,            0.064878,            0.041373,             0.61507,             0.78737,             0.71147,             0.45171,            0.030551,            0.017812,            0.023942,            0.008317,            0.008317,            0.008317
                  53,            0.047383,            0.065891,            0.040963,              0.5901,             0.80382,             0.72126,             0.46167,            0.031106,            0.017698,            0.023585,            0.008284,            0.008284,            0.008284
                  54,            0.047425,            0.065106,            0.041211,             0.59384,             0.80211,             0.72061,             0.46047,            0.030929,            0.017735,            0.021401,            0.008251,            0.008251,            0.008251
                  55,            0.046985,            0.064296,            0.040805,             0.61285,             0.78818,             0.72378,             0.46328,            0.030669,             0.01764,            0.022578,            0.008218,            0.008218,            0.008218
                  56,            0.047285,            0.064583,             0.04083,             0.61152,             0.79756,             0.72346,              0.4632,            0.030753,            0.017657,            0.021723,            0.008185,            0.008185,            0.008185
                  57,            0.046966,            0.063936,            0.040832,             0.62087,             0.77811,             0.72164,             0.46328,            0.030762,            0.017743,            0.022259,            0.008152,            0.008152,            0.008152
                  58,            0.047241,            0.065649,            0.040937,             0.63811,             0.78929,             0.73445,             0.47502,            0.031017,            0.017648,            0.022313,            0.008119,            0.008119,            0.008119
                  59,            0.046634,            0.064643,            0.040723,             0.60881,             0.79608,             0.73475,              0.4791,            0.031184,            0.017649,            0.021996,            0.008086,            0.008086,            0.008086
                  60,            0.046343,             0.06492,            0.040006,             0.62123,             0.80864,             0.73722,             0.47955,            0.030791,            0.017582,            0.021259,            0.008053,            0.008053,            0.008053
                  61,            0.046548,            0.063275,            0.040243,              0.6345,             0.80896,             0.74802,             0.48881,            0.030349,            0.017579,            0.022768,             0.00802,             0.00802,             0.00802
                  62,            0.046793,            0.064159,            0.039633,             0.61927,             0.80678,             0.74753,             0.48832,            0.030374,             0.01753,            0.020953,            0.007987,            0.007987,            0.007987
                  63,            0.046659,            0.064437,            0.039807,             0.64842,              0.8186,             0.76734,             0.50093,            0.030513,            0.017546,            0.020603,            0.007954,            0.007954,            0.007954
                  64,            0.046542,             0.06484,            0.039673,              0.6606,             0.80735,             0.76136,             0.49768,            0.030413,            0.017506,            0.021089,            0.007921,            0.007921,            0.007921
                  65,             0.04643,             0.06388,            0.039797,             0.66765,             0.79656,             0.77123,             0.50613,            0.030195,            0.017563,            0.019448,            0.007888,            0.007888,            0.007888
                  66,            0.046618,            0.064438,            0.039452,             0.66351,             0.80913,              0.7648,             0.50022,            0.031084,             0.01754,            0.019891,            0.007855,            0.007855,            0.007855
                  67,            0.045825,            0.063934,            0.040056,             0.68686,             0.80136,             0.77551,             0.50924,             0.03008,            0.017473,            0.020127,            0.007822,            0.007822,            0.007822
                  68,             0.04632,            0.063688,            0.039477,             0.67451,             0.79284,             0.76807,             0.50779,            0.030739,            0.017527,             0.02028,            0.007789,            0.007789,            0.007789
                  69,            0.045871,            0.063885,             0.03925,             0.67152,             0.82037,             0.77871,             0.51492,             0.02983,            0.017447,            0.020597,            0.007756,            0.007756,            0.007756
                  70,            0.046075,            0.064901,            0.038988,             0.69292,             0.80666,             0.77873,             0.51575,            0.030524,             0.01746,            0.020226,            0.007723,            0.007723,            0.007723
                  71,            0.045985,            0.063765,            0.039027,             0.69806,              0.8044,             0.78384,             0.51831,             0.03044,            0.017535,            0.020436,             0.00769,             0.00769,             0.00769
                  72,            0.045791,            0.063199,            0.039032,             0.71877,             0.78934,             0.79047,             0.52724,            0.030351,            0.017411,            0.020759,            0.007657,            0.007657,            0.007657
                  73,            0.045665,            0.062479,            0.038634,             0.70818,              0.7862,             0.78312,             0.51571,            0.030858,            0.017542,            0.020121,            0.007624,            0.007624,            0.007624
                  74,             0.04576,            0.063676,             0.03875,             0.72946,             0.79369,             0.80168,             0.53179,            0.029911,            0.017427,            0.019043,            0.007591,            0.007591,            0.007591
                  75,             0.04576,            0.063255,            0.038423,             0.71632,             0.79411,             0.79563,             0.53165,            0.029632,            0.017493,            0.019631,            0.007558,            0.007558,            0.007558
                  76,            0.045873,            0.064308,            0.038202,             0.72754,             0.79539,             0.79803,             0.53109,             0.02981,            0.017392,            0.019038,            0.007525,            0.007525,            0.007525
                  77,            0.045678,            0.063023,            0.038095,             0.71213,             0.80978,              0.7958,             0.53728,            0.029118,            0.017281,            0.018597,            0.007492,            0.007492,            0.007492
                  78,            0.045348,            0.063686,            0.038141,             0.73986,             0.79355,             0.81202,             0.54305,            0.029602,            0.017427,            0.017419,            0.007459,            0.007459,            0.007459
                  79,            0.045817,            0.063931,            0.038212,             0.72762,             0.80694,             0.80583,             0.54091,            0.029477,            0.017345,            0.017789,            0.007426,            0.007426,            0.007426
                  80,             0.04574,            0.064134,             0.03777,             0.72923,             0.80596,             0.80638,             0.54245,             0.02962,            0.017272,            0.019251,            0.007393,            0.007393,            0.007393
                  81,            0.045322,            0.063893,            0.037425,             0.73442,             0.81377,             0.80688,             0.54136,            0.029691,            0.017274,            0.017495,             0.00736,             0.00736,             0.00736
                  82,            0.045536,            0.064575,            0.037513,             0.72655,             0.80178,              0.8086,             0.54584,            0.029643,            0.017274,            0.017132,            0.007327,            0.007327,            0.007327
                  83,            0.045382,            0.064806,            0.037607,             0.74231,             0.80642,             0.81449,             0.55241,            0.029196,            0.017294,            0.017258,            0.007294,            0.007294,            0.007294
                  84,            0.044861,            0.062922,             0.03735,             0.73972,             0.81634,             0.81599,             0.55496,            0.029239,            0.017249,            0.018188,            0.007261,            0.007261,            0.007261
                  85,            0.045035,            0.063177,            0.036898,             0.75887,             0.80977,             0.81673,             0.55385,            0.029168,            0.017218,            0.017578,            0.007228,            0.007228,            0.007228
                  86,            0.044908,            0.063178,            0.037306,             0.74615,              0.8275,             0.82157,             0.55751,            0.029343,            0.017162,            0.017564,            0.007195,            0.007195,            0.007195
                  87,             0.04541,             0.06515,            0.037219,             0.75756,             0.81473,             0.81507,             0.54892,            0.029237,            0.017249,            0.016825,            0.007162,            0.007162,            0.007162
                  88,            0.044985,             0.06324,            0.036777,             0.75742,             0.80282,              0.8197,             0.55382,            0.029138,            0.017287,             0.01707,            0.007129,            0.007129,            0.007129
                  89,            0.045039,            0.063845,            0.036698,             0.76996,             0.80113,              0.8219,             0.55863,            0.028974,            0.017179,            0.017401,            0.007096,            0.007096,            0.007096
                  90,            0.044642,            0.063705,            0.036763,              0.7656,              0.7906,             0.81591,             0.55715,             0.02976,            0.017268,             0.01847,            0.007063,            0.007063,            0.007063
                  91,            0.044914,            0.063901,            0.036512,             0.75711,             0.82133,             0.81856,             0.55461,            0.029093,            0.017287,            0.016223,             0.00703,             0.00703,             0.00703
                  92,            0.044648,            0.061519,            0.036531,             0.76538,              0.8137,             0.82481,             0.56012,            0.028854,            0.017175,            0.015909,            0.006997,            0.006997,            0.006997
                  93,            0.044514,            0.062889,            0.036849,             0.76034,             0.80533,             0.82181,             0.55508,            0.029236,            0.017252,            0.016345,            0.006964,            0.006964,            0.006964
                  94,            0.044668,            0.061859,            0.036545,             0.77254,             0.80939,             0.82508,              0.5605,            0.028975,            0.017213,            0.016127,            0.006931,            0.006931,            0.006931
                  95,            0.044409,            0.062273,            0.036084,             0.78403,             0.81205,              0.8299,             0.56682,            0.028379,             0.01721,            0.015703,            0.006898,            0.006898,            0.006898
                  96,            0.044338,            0.062783,            0.036007,             0.77675,             0.81929,             0.82435,             0.55975,            0.028298,            0.017189,            0.015537,            0.006865,            0.006865,            0.006865
                  97,            0.044444,            0.062637,            0.035374,             0.76414,             0.82381,             0.82946,             0.56666,            0.028508,            0.017127,            0.015688,            0.006832,            0.006832,            0.006832
                  98,            0.044632,            0.062067,             0.03642,             0.77479,             0.81785,             0.83484,             0.57201,             0.02853,            0.017152,            0.015983,            0.006799,            0.006799,            0.006799
                  99,             0.04455,            0.063571,            0.035858,             0.77727,             0.81634,             0.83022,             0.56646,            0.028886,            0.017123,            0.016652,            0.006766,            0.006766,            0.006766
                 100,            0.044635,             0.06281,            0.035829,             0.77754,             0.81247,              0.8318,             0.56754,            0.028814,             0.01706,             0.01617,            0.006733,            0.006733,            0.006733
                 101,            0.044222,            0.061348,            0.035896,             0.77865,              0.8127,             0.82931,             0.56859,            0.028581,            0.017086,            0.015611,              0.0067,              0.0067,              0.0067
                 102,             0.04428,            0.062002,            0.035248,             0.76521,             0.82162,             0.83129,             0.57078,            0.028802,            0.017107,            0.016287,            0.006667,            0.006667,            0.006667
                 103,            0.044518,            0.062291,            0.034825,             0.77545,             0.82925,             0.83771,             0.57509,            0.028704,            0.017092,             0.01675,            0.006634,            0.006634,            0.006634
                 104,            0.044397,            0.062627,            0.035291,             0.77287,             0.83075,             0.83645,             0.57203,            0.028687,            0.017112,            0.015749,            0.006601,            0.006601,            0.006601
                 105,            0.044011,            0.062416,            0.034911,             0.78663,             0.82189,             0.84186,              0.5796,            0.028807,            0.017046,            0.015479,            0.006568,            0.006568,            0.006568
                 106,            0.044272,            0.061848,            0.035521,             0.78488,             0.82117,             0.83868,             0.57313,            0.028812,            0.017095,            0.015434,            0.006535,            0.006535,            0.006535
                 107,             0.04387,            0.061122,            0.034712,             0.78626,             0.82347,             0.84297,             0.57712,            0.029246,            0.017036,            0.014996,            0.006502,            0.006502,            0.006502
                 108,            0.044018,            0.062055,            0.034557,              0.7907,             0.82322,             0.83787,             0.57378,            0.029079,             0.01707,            0.015053,            0.006469,            0.006469,            0.006469
                 109,            0.044146,             0.06239,            0.034475,             0.78492,             0.83381,             0.83963,             0.57596,            0.028786,            0.017072,            0.014823,            0.006436,            0.006436,            0.006436
                 110,            0.043856,            0.061719,            0.034579,              0.7744,             0.83762,              0.8398,             0.57719,            0.028943,             0.01706,            0.015267,            0.006403,            0.006403,            0.006403
                 111,            0.043652,            0.062163,            0.034435,             0.77865,             0.82912,             0.83482,             0.57578,            0.029076,            0.017062,            0.014907,             0.00637,             0.00637,             0.00637
                 112,            0.043903,            0.061936,            0.033995,             0.77754,             0.83587,             0.83737,             0.57743,            0.029057,            0.017052,            0.015875,            0.006337,            0.006337,            0.006337
                 113,            0.044044,            0.062337,            0.034708,             0.79363,              0.8316,             0.83965,              0.5776,            0.028645,            0.017051,            0.014938,            0.006304,            0.006304,            0.006304
                 114,            0.043638,            0.062426,            0.034103,              0.7912,               0.838,             0.84188,             0.58174,            0.028549,             0.01702,            0.016024,            0.006271,            0.006271,            0.006271
                 115,            0.043697,            0.061897,            0.033967,             0.79622,             0.82686,             0.84112,             0.58207,            0.028264,            0.016999,            0.015285,            0.006238,            0.006238,            0.006238
                 116,            0.043394,            0.060198,            0.033747,             0.80054,             0.82721,             0.84264,             0.58251,            0.028414,            0.017057,             0.01496,            0.006205,            0.006205,            0.006205
                 117,            0.043417,            0.060832,            0.033744,             0.79638,             0.82323,             0.84511,             0.58321,            0.028328,            0.017012,            0.014801,            0.006172,            0.006172,            0.006172
                 118,             0.04339,            0.062211,            0.033695,             0.78959,             0.83063,             0.84377,             0.58422,            0.028375,            0.017026,            0.014717,            0.006139,            0.006139,            0.006139
                 119,            0.043212,            0.061519,            0.033473,             0.78143,             0.83209,             0.84222,             0.58123,            0.028309,            0.017018,            0.015115,            0.006106,            0.006106,            0.006106
                 120,            0.043315,            0.061272,            0.033554,              0.7883,             0.83348,             0.84376,             0.58305,            0.028089,            0.016969,             0.01524,            0.006073,            0.006073,            0.006073
                 121,            0.043138,            0.061105,            0.033265,             0.78597,              0.8354,             0.84184,             0.58395,            0.028267,            0.016963,            0.015326,             0.00604,             0.00604,             0.00604
                 122,            0.043109,            0.060181,            0.033601,             0.79678,             0.82355,             0.84169,             0.58491,            0.028375,            0.016983,            0.015129,            0.006007,            0.006007,            0.006007
                 123,            0.043214,            0.061882,            0.033235,             0.78981,              0.8355,             0.84288,             0.58645,             0.02825,            0.016976,            0.014791,            0.005974,            0.005974,            0.005974
                 124,            0.043019,             0.06067,            0.032999,             0.78068,             0.84886,             0.84413,             0.58537,            0.028343,            0.016963,            0.014519,            0.005941,            0.005941,            0.005941
                 125,            0.043279,            0.061432,            0.033197,             0.78764,             0.83586,             0.84336,             0.58656,            0.028448,            0.016985,            0.014984,            0.005908,            0.005908,            0.005908
                 126,            0.042893,            0.060602,            0.032608,             0.79048,             0.83523,             0.84807,             0.58792,             0.02838,            0.016981,            0.014814,            0.005875,            0.005875,            0.005875
                 127,            0.042248,            0.060437,            0.032761,             0.78801,             0.84732,             0.84804,             0.58871,            0.028328,            0.016991,            0.014625,            0.005842,            0.005842,            0.005842
                 128,            0.042864,            0.060611,            0.032932,              0.7927,             0.84338,             0.84891,              0.5875,            0.028371,            0.016999,            0.014926,            0.005809,            0.005809,            0.005809
                 129,            0.042946,             0.06101,            0.033009,             0.79227,             0.84175,             0.84754,             0.58669,            0.028378,            0.016981,            0.015097,            0.005776,            0.005776,            0.005776
                 130,            0.042825,            0.061548,            0.032636,             0.79482,             0.84009,              0.8464,             0.58619,            0.028413,             0.01698,            0.014864,            0.005743,            0.005743,            0.005743
                 131,            0.042647,             0.06041,            0.032338,             0.79211,             0.84483,             0.84671,             0.58806,            0.028187,            0.016968,            0.015115,             0.00571,             0.00571,             0.00571
                 132,             0.04262,            0.060264,            0.032177,             0.79005,             0.84859,             0.84465,             0.58367,            0.028202,            0.016969,            0.015488,            0.005677,            0.005677,            0.005677
                 133,            0.042419,            0.059579,             0.03215,             0.79769,              0.8395,             0.84517,             0.58576,            0.028274,            0.016998,            0.015288,            0.005644,            0.005644,            0.005644
                 134,            0.042556,            0.060292,            0.032232,             0.79816,             0.84323,             0.84652,             0.58857,             0.02826,            0.016973,            0.015119,            0.005611,            0.005611,            0.005611
                 135,            0.042376,            0.059927,            0.032151,             0.80271,              0.8418,             0.84688,             0.58881,            0.028317,            0.016972,            0.015161,            0.005578,            0.005578,            0.005578
                 136,            0.042477,            0.060616,            0.031761,             0.80209,             0.83494,             0.84789,             0.59013,            0.028274,            0.016952,            0.015213,            0.005545,            0.005545,            0.005545
                 137,             0.04262,            0.060188,            0.032211,             0.79275,             0.84106,             0.84711,             0.58993,            0.028256,            0.016952,            0.015075,            0.005512,            0.005512,            0.005512
                 138,            0.042563,            0.060734,            0.031838,             0.79724,             0.83832,             0.84829,             0.59027,            0.028274,            0.016953,            0.015064,            0.005479,            0.005479,            0.005479
                 139,            0.042092,            0.058603,            0.031204,             0.79616,             0.83567,             0.84853,             0.58964,            0.028226,            0.016944,            0.014723,            0.005446,            0.005446,            0.005446
                 140,            0.042525,            0.060193,            0.031602,             0.79338,             0.83612,             0.84854,             0.59097,            0.028145,            0.016922,            0.014828,            0.005413,            0.005413,            0.005413
                 141,             0.04236,            0.059702,            0.031225,             0.79379,             0.83891,             0.84932,             0.59267,            0.028183,            0.016934,            0.014972,             0.00538,             0.00538,             0.00538
                 142,            0.042078,            0.059408,            0.031473,             0.79999,             0.83384,             0.84919,             0.59094,            0.028249,            0.016943,            0.015113,            0.005347,            0.005347,            0.005347
                 143,            0.041932,            0.060154,            0.031191,             0.80289,             0.82969,             0.84912,             0.59125,            0.028317,            0.016943,            0.015207,            0.005314,            0.005314,            0.005314
                 144,            0.042222,            0.060269,            0.031391,             0.79823,             0.83725,             0.85042,             0.59232,            0.028359,            0.016936,            0.015138,            0.005281,            0.005281,            0.005281
                 145,            0.042143,            0.059873,            0.031084,             0.80279,             0.83097,             0.85111,              0.5929,            0.028347,            0.016938,            0.015019,            0.005248,            0.005248,            0.005248
                 146,            0.041666,            0.058805,            0.030751,             0.79454,             0.84317,             0.85121,             0.59357,             0.02831,            0.016948,            0.014879,            0.005215,            0.005215,            0.005215
                 147,            0.041944,            0.059478,            0.030698,             0.79294,             0.83787,             0.85157,             0.59585,            0.028289,            0.016935,            0.014962,            0.005182,            0.005182,            0.005182
                 148,            0.041736,            0.060077,            0.030466,              0.7808,             0.85661,             0.85012,             0.59447,            0.028196,            0.016917,            0.014803,            0.005149,            0.005149,            0.005149
                 149,            0.041584,            0.059002,            0.030463,             0.78616,             0.85232,             0.84917,             0.59442,             0.02813,            0.016915,            0.014773,            0.005116,            0.005116,            0.005116
                 150,            0.041975,            0.059681,            0.030438,             0.79073,             0.84829,              0.8515,             0.59668,            0.027993,            0.016891,            0.014824,            0.005083,            0.005083,            0.005083
                 151,            0.041882,            0.059852,            0.030882,             0.79691,             0.84567,             0.85197,              0.5967,            0.027917,            0.016891,            0.014897,             0.00505,             0.00505,             0.00505
                 152,            0.041831,            0.059035,            0.030835,             0.79891,              0.8414,             0.85291,             0.59648,            0.027799,            0.016885,            0.014808,            0.005017,            0.005017,            0.005017
                 153,            0.041861,            0.058873,            0.030614,             0.80016,             0.83946,             0.85257,             0.59532,            0.027657,              0.0169,            0.014698,            0.004984,            0.004984,            0.004984
                 154,            0.041343,            0.058677,            0.030398,             0.80022,             0.84325,             0.85286,             0.59641,            0.027564,            0.016902,            0.014694,            0.004951,            0.004951,            0.004951
                 155,            0.041408,            0.058633,            0.030801,              0.7946,             0.84517,             0.85268,             0.59627,            0.027546,            0.016896,            0.014837,            0.004918,            0.004918,            0.004918
                 156,            0.041574,            0.058783,            0.030208,             0.80112,             0.84026,             0.85272,             0.59621,            0.027549,             0.01689,            0.014972,            0.004885,            0.004885,            0.004885
                 157,             0.04154,            0.060353,            0.030209,             0.79963,             0.84105,             0.85264,             0.59704,            0.027529,            0.016882,            0.014947,            0.004852,            0.004852,            0.004852
                 158,            0.041286,             0.05893,             0.02978,             0.79849,             0.84582,             0.85455,              0.5987,            0.027508,             0.01688,            0.014824,            0.004819,            0.004819,            0.004819
                 159,            0.041262,            0.058905,            0.029513,             0.79743,             0.84453,             0.85488,             0.59829,              0.0275,            0.016873,            0.014818,            0.004786,            0.004786,            0.004786
                 160,            0.041277,            0.059677,            0.029689,             0.79803,             0.84604,             0.85512,             0.60008,            0.027464,            0.016863,            0.014789,            0.004753,            0.004753,            0.004753
                 161,            0.040995,            0.058632,            0.029626,             0.79713,             0.84649,              0.8567,             0.60192,            0.027524,            0.016859,            0.014819,             0.00472,             0.00472,             0.00472
                 162,            0.041352,            0.059868,             0.02974,             0.79845,             0.84453,             0.85631,             0.60103,            0.027529,            0.016867,            0.014798,            0.004687,            0.004687,            0.004687
                 163,            0.041037,            0.058309,            0.029756,             0.79346,              0.8519,             0.85624,             0.60026,            0.027617,            0.016874,             0.01478,            0.004654,            0.004654,            0.004654
                 164,            0.040986,            0.057854,            0.029416,             0.79861,             0.84758,             0.85587,             0.60035,            0.027662,            0.016873,             0.01472,            0.004621,            0.004621,            0.004621
                 165,             0.04104,            0.058499,            0.029268,             0.80218,             0.84342,             0.85514,             0.60144,             0.02771,             0.01688,            0.014556,            0.004588,            0.004588,            0.004588
                 166,            0.040893,            0.058675,            0.029029,             0.79815,             0.84558,             0.85508,             0.60201,            0.027739,            0.016877,            0.014531,            0.004555,            0.004555,            0.004555
                 167,            0.041101,            0.058744,            0.029478,             0.79988,             0.84414,              0.8549,             0.60104,            0.027747,            0.016871,            0.014615,            0.004522,            0.004522,            0.004522
                 168,            0.041079,            0.058625,            0.028633,             0.79724,             0.84559,              0.8555,             0.60192,            0.027752,            0.016869,            0.014572,            0.004489,            0.004489,            0.004489
                 169,             0.04111,            0.059045,            0.029083,             0.79815,             0.84659,             0.85534,             0.60152,            0.027774,            0.016875,            0.014524,            0.004456,            0.004456,            0.004456
                 170,            0.040779,            0.058701,            0.028599,             0.79629,             0.85056,             0.85642,             0.60183,            0.027762,            0.016878,            0.014471,            0.004423,            0.004423,            0.004423
                 171,            0.041001,            0.059192,             0.02883,             0.79517,             0.85152,             0.85635,             0.60204,            0.027734,             0.01687,            0.014416,             0.00439,             0.00439,             0.00439
                 172,            0.041089,            0.058887,            0.028846,             0.80004,             0.84962,             0.85709,             0.60224,            0.027719,            0.016872,            0.014311,            0.004357,            0.004357,            0.004357
                 173,            0.040828,             0.05781,            0.029034,             0.79993,             0.84834,             0.85554,             0.60261,            0.027725,            0.016876,            0.014162,            0.004324,            0.004324,            0.004324
                 174,            0.040667,            0.058068,            0.028925,             0.80078,             0.85008,             0.85678,              0.6033,            0.027689,            0.016873,            0.014158,            0.004291,            0.004291,            0.004291
                 175,            0.041079,            0.058753,            0.028571,             0.80135,             0.84937,             0.85647,              0.6032,             0.02768,            0.016876,            0.014042,            0.004258,            0.004258,            0.004258
                 176,             0.04061,            0.057831,            0.028503,             0.80299,             0.85036,             0.85678,             0.60235,            0.027681,            0.016875,             0.01398,            0.004225,            0.004225,            0.004225
                 177,            0.040767,             0.05875,            0.028211,             0.80431,             0.84955,             0.85684,             0.60278,            0.027692,             0.01688,            0.013989,            0.004192,            0.004192,            0.004192
                 178,            0.040393,            0.057654,              0.0284,             0.80524,             0.84929,              0.8572,             0.60388,            0.027697,             0.01688,            0.013842,            0.004159,            0.004159,            0.004159
                 179,            0.040593,            0.059285,            0.028386,             0.80388,              0.8499,             0.85661,             0.60388,            0.027721,            0.016892,            0.013752,            0.004126,            0.004126,            0.004126
                 180,            0.040308,            0.057834,            0.028024,             0.80368,              0.8491,             0.85603,             0.60368,            0.027777,            0.016896,            0.013736,            0.004093,            0.004093,            0.004093
                 181,            0.040613,            0.058815,            0.028047,              0.8065,             0.84686,             0.85738,             0.60288,            0.027774,            0.016892,            0.013687,             0.00406,             0.00406,             0.00406
                 182,            0.040065,            0.058172,            0.027603,              0.8063,             0.85157,             0.85717,             0.60334,            0.027767,            0.016893,            0.013694,            0.004027,            0.004027,            0.004027
                 183,            0.040173,            0.058233,            0.027474,             0.80517,             0.85215,             0.85796,             0.60384,            0.027771,            0.016892,            0.013686,            0.003994,            0.003994,            0.003994
                 184,            0.040362,            0.057787,            0.027565,             0.80449,             0.85175,             0.85793,             0.60312,            0.027786,            0.016898,            0.013661,            0.003961,            0.003961,            0.003961
                 185,            0.039888,            0.057923,            0.027882,              0.8025,             0.85254,             0.85792,             0.60309,            0.027786,            0.016898,            0.013637,            0.003928,            0.003928,            0.003928
                 186,            0.040153,            0.057464,            0.027701,             0.80284,             0.85166,             0.85839,             0.60371,            0.027794,            0.016904,            0.013611,            0.003895,            0.003895,            0.003895
                 187,            0.040006,             0.05698,            0.027352,             0.80302,             0.85254,             0.85843,             0.60395,            0.027795,            0.016904,            0.013607,            0.003862,            0.003862,            0.003862
                 188,            0.040025,            0.057369,            0.027412,             0.80357,             0.85339,             0.85884,             0.60328,            0.027803,            0.016908,             0.01355,            0.003829,            0.003829,            0.003829
                 189,            0.040054,            0.057608,            0.027347,             0.80507,             0.85433,              0.8587,             0.60321,            0.027798,            0.016909,            0.013505,            0.003796,            0.003796,            0.003796
                 190,            0.039777,            0.057518,             0.02729,             0.80676,             0.85455,             0.85895,             0.60387,            0.027807,            0.016909,            0.013476,            0.003763,            0.003763,            0.003763
                 191,            0.039854,            0.056818,            0.026948,             0.80808,             0.85462,             0.85976,             0.60446,            0.027804,            0.016909,            0.013421,             0.00373,             0.00373,             0.00373
                 192,            0.040046,            0.058667,            0.027007,             0.80446,             0.85494,             0.85985,             0.60471,            0.027798,            0.016907,            0.013418,            0.003697,            0.003697,            0.003697
                 193,            0.039812,            0.057364,            0.027016,             0.80222,             0.85662,             0.85977,             0.60424,            0.027813,             0.01691,            0.013478,            0.003664,            0.003664,            0.003664
                 194,            0.039761,            0.058228,            0.026899,             0.80145,             0.85537,             0.85938,             0.60408,            0.027805,            0.016909,            0.013519,            0.003631,            0.003631,            0.003631
                 195,            0.039736,            0.057923,            0.026771,             0.80249,             0.85524,             0.85961,             0.60366,            0.027808,            0.016911,            0.013527,            0.003598,            0.003598,            0.003598
                 196,             0.03967,            0.056654,             0.02678,             0.80325,             0.85239,             0.85932,             0.60423,            0.027811,            0.016913,            0.013563,            0.003565,            0.003565,            0.003565
                 197,             0.03982,            0.056202,            0.026776,             0.80512,             0.85147,             0.85943,             0.60492,            0.027817,            0.016907,            0.013517,            0.003532,            0.003532,            0.003532
                 198,            0.039287,            0.056716,            0.026609,             0.80181,             0.85654,             0.85957,             0.60565,            0.027813,            0.016908,            0.013514,            0.003499,            0.003499,            0.003499
                 199,            0.039296,            0.057426,            0.026675,             0.80147,             0.85627,             0.85945,             0.60569,            0.027815,            0.016907,            0.013519,            0.003466,            0.003466,            0.003466
                 200,            0.039505,            0.056962,            0.026609,             0.80092,             0.85716,             0.85937,             0.60595,            0.027804,            0.016906,            0.013526,            0.003433,            0.003433,            0.003433
                 201,            0.039337,            0.057299,            0.026391,             0.79957,             0.85638,             0.85999,             0.60643,              0.0278,            0.016909,            0.013534,              0.0034,              0.0034,              0.0034
                 202,            0.038995,            0.056557,            0.026149,             0.79917,             0.85689,              0.8601,             0.60642,            0.027793,            0.016907,            0.013547,            0.003367,            0.003367,            0.003367
                 203,            0.039318,            0.056622,            0.026026,             0.79906,             0.85681,             0.86031,             0.60648,            0.027787,            0.016909,            0.013569,            0.003334,            0.003334,            0.003334
                 204,            0.039251,            0.056933,             0.02606,             0.79819,             0.85838,             0.85956,              0.6064,            0.027795,            0.016908,            0.013558,            0.003301,            0.003301,            0.003301
                 205,            0.039176,            0.056973,            0.026063,             0.79742,             0.86021,             0.85966,             0.60612,            0.027796,            0.016907,            0.013522,            0.003268,            0.003268,            0.003268
                 206,            0.039187,            0.057072,            0.025939,             0.79797,             0.86105,             0.85971,             0.60675,            0.027792,            0.016911,            0.013508,            0.003235,            0.003235,            0.003235
                 207,            0.038921,            0.055569,            0.025955,             0.79624,             0.86078,              0.8599,             0.60679,            0.027786,            0.016914,            0.013492,            0.003202,            0.003202,            0.003202
                 208,            0.038854,            0.056226,            0.026158,              0.7974,              0.8579,             0.85999,             0.60688,            0.027773,            0.016914,             0.01345,            0.003169,            0.003169,            0.003169
                 209,            0.038697,            0.056378,            0.025703,             0.79687,             0.85938,             0.85984,             0.60679,            0.027764,            0.016912,            0.013455,            0.003136,            0.003136,            0.003136
                 210,            0.039184,            0.055979,            0.025814,             0.79564,              0.8622,                0.86,             0.60626,            0.027765,            0.016913,            0.013471,            0.003103,            0.003103,            0.003103
                 211,             0.03893,            0.057193,            0.025715,             0.79715,             0.86054,             0.86021,             0.60635,            0.027767,            0.016915,             0.01348,             0.00307,             0.00307,             0.00307
                 212,            0.038662,             0.05682,            0.025686,             0.79632,             0.86097,             0.86025,             0.60651,             0.02776,            0.016915,            0.013484,            0.003037,            0.003037,            0.003037
                 213,            0.038732,            0.057226,            0.024957,             0.79674,              0.8626,             0.86057,             0.60665,            0.027753,            0.016914,            0.013482,            0.003004,            0.003004,            0.003004
                 214,            0.038736,            0.057307,            0.025113,             0.79787,             0.86286,             0.86079,             0.60753,            0.027762,            0.016918,             0.01346,            0.002971,            0.002971,            0.002971
                 215,             0.03864,            0.056254,            0.025022,             0.79752,             0.86309,             0.86086,             0.60758,            0.027755,            0.016918,            0.013447,            0.002938,            0.002938,            0.002938
                 216,            0.038464,            0.056201,            0.024806,             0.79747,             0.86337,             0.86079,             0.60791,            0.027759,            0.016919,            0.013439,            0.002905,            0.002905,            0.002905
                 217,            0.038589,            0.056024,            0.024909,             0.79846,             0.86293,             0.86079,              0.6079,            0.027755,            0.016919,            0.013426,            0.002872,            0.002872,            0.002872
                 218,             0.03856,            0.055825,            0.024577,             0.79851,             0.86307,             0.86076,             0.60793,            0.027756,             0.01692,            0.013418,            0.002839,            0.002839,            0.002839
                 219,            0.038449,            0.055994,            0.024994,             0.79862,             0.86336,             0.86123,             0.60798,            0.027748,            0.016918,            0.013388,            0.002806,            0.002806,            0.002806
                 220,            0.038579,            0.056404,            0.024884,             0.79905,             0.86322,             0.86118,             0.60783,            0.027747,            0.016919,            0.013386,            0.002773,            0.002773,            0.002773
                 221,            0.038191,            0.055402,            0.024731,             0.79998,             0.86262,              0.8612,             0.60804,             0.02775,            0.016918,            0.013399,             0.00274,             0.00274,             0.00274
                 222,            0.038454,            0.054899,            0.024759,             0.80029,             0.86247,             0.86116,             0.60759,            0.027761,            0.016918,            0.013409,            0.002707,            0.002707,            0.002707
                 223,            0.038222,            0.055277,            0.024396,              0.8009,             0.86228,             0.86128,             0.60792,            0.027768,            0.016918,            0.013412,            0.002674,            0.002674,            0.002674
                 224,            0.038138,            0.055199,            0.024635,             0.80474,             0.85483,             0.86115,             0.60818,            0.027772,            0.016918,             0.01343,            0.002641,            0.002641,            0.002641
                 225,            0.037804,            0.054779,            0.024441,             0.80556,             0.85431,             0.86163,             0.60836,            0.027771,            0.016919,            0.013436,            0.002608,            0.002608,            0.002608
                 226,            0.037776,            0.054931,            0.024698,             0.80601,             0.85462,             0.86194,             0.60866,            0.027771,            0.016917,            0.013434,            0.002575,            0.002575,            0.002575
                 227,            0.038036,            0.055014,             0.02414,             0.80616,             0.85456,             0.86141,             0.60842,            0.027779,            0.016919,            0.013449,            0.002542,            0.002542,            0.002542
                 228,            0.037767,             0.05566,             0.02411,             0.80662,             0.85542,             0.86176,             0.60865,             0.02778,            0.016919,            0.013468,            0.002509,            0.002509,            0.002509
                 229,            0.037919,            0.054571,            0.023805,             0.80532,             0.85645,              0.8615,              0.6083,            0.027784,            0.016921,            0.013461,            0.002476,            0.002476,            0.002476
                 230,             0.03793,            0.054842,            0.023948,             0.80697,             0.85508,             0.86145,             0.60794,            0.027784,             0.01692,            0.013467,            0.002443,            0.002443,            0.002443
                 231,            0.037855,             0.05549,            0.023917,             0.80698,             0.85491,              0.8615,              0.6082,            0.027782,            0.016921,            0.013469,             0.00241,             0.00241,             0.00241
                 232,            0.037881,            0.055344,            0.024079,             0.80647,              0.8557,             0.86141,              0.6076,            0.027785,            0.016922,            0.013482,            0.002377,            0.002377,            0.002377
                 233,            0.037564,            0.054032,            0.023701,             0.80518,             0.85719,             0.86104,               0.608,            0.027794,            0.016923,            0.013485,            0.002344,            0.002344,            0.002344
                 234,            0.037469,            0.054555,            0.023852,             0.80366,             0.86133,             0.86108,             0.60846,            0.027797,            0.016923,            0.013491,            0.002311,            0.002311,            0.002311
                 235,              0.0376,            0.054152,            0.023959,              0.8048,             0.85748,             0.86113,             0.60778,            0.027804,            0.016923,            0.013486,            0.002278,            0.002278,            0.002278
                 236,            0.037262,            0.054514,             0.02352,             0.80328,              0.8631,             0.86149,             0.60829,            0.027801,            0.016921,            0.013482,            0.002245,            0.002245,            0.002245
                 237,            0.037552,            0.055014,            0.023059,             0.80293,             0.86406,             0.86141,             0.60811,            0.027809,            0.016922,            0.013493,            0.002212,            0.002212,            0.002212
                 238,            0.037031,            0.053721,            0.023299,             0.80291,             0.86362,             0.86158,             0.60825,            0.027814,            0.016923,            0.013501,            0.002179,            0.002179,            0.002179
                 239,            0.037503,            0.054889,            0.023397,             0.80416,             0.86284,             0.86157,             0.60816,            0.027819,            0.016924,            0.013502,            0.002146,            0.002146,            0.002146
                 240,            0.037016,            0.054536,            0.023347,             0.80344,             0.86546,             0.86158,             0.60756,            0.027826,            0.016923,            0.013508,            0.002113,            0.002113,            0.002113
                 241,            0.037568,            0.055343,            0.023153,             0.80433,             0.86304,             0.86163,             0.60774,            0.027829,            0.016923,            0.013497,             0.00208,             0.00208,             0.00208
                 242,            0.037267,             0.05352,             0.02258,             0.80337,             0.86441,             0.86188,             0.60756,            0.027831,            0.016924,            0.013512,            0.002047,            0.002047,            0.002047
                 243,            0.037118,            0.054436,            0.022783,             0.80452,              0.8633,             0.86177,             0.60766,            0.027826,            0.016924,            0.013516,            0.002014,            0.002014,            0.002014
                 244,            0.036923,            0.054467,            0.022738,             0.80406,             0.86398,             0.86174,             0.60782,             0.02783,            0.016924,             0.01352,            0.001981,            0.001981,            0.001981
                 245,            0.036955,            0.054141,            0.022435,             0.80922,             0.85521,             0.86193,             0.60824,             0.02783,            0.016921,            0.013528,            0.001948,            0.001948,            0.001948
                 246,            0.036904,            0.053993,            0.022672,             0.80873,              0.8551,             0.86211,             0.60804,            0.027828,            0.016922,            0.013538,            0.001915,            0.001915,            0.001915
                 247,            0.036921,            0.053456,            0.022793,             0.80935,             0.85522,              0.8619,              0.6082,            0.027835,            0.016923,            0.013547,            0.001882,            0.001882,            0.001882
                 248,            0.036785,            0.053176,            0.022967,             0.80978,             0.85496,             0.86207,             0.60821,            0.027836,            0.016923,            0.013559,            0.001849,            0.001849,            0.001849
                 249,            0.036752,            0.054342,            0.022327,             0.80957,             0.85439,             0.86176,             0.60836,             0.02783,            0.016923,             0.01357,            0.001816,            0.001816,            0.001816
                 250,            0.037019,            0.054479,            0.022198,             0.81273,             0.85302,             0.86205,             0.60825,            0.027833,            0.016924,            0.013575,            0.001783,            0.001783,            0.001783
                 251,            0.036752,            0.053714,            0.022196,             0.80951,             0.85574,             0.86197,             0.60817,            0.027836,            0.016923,            0.013588,             0.00175,             0.00175,             0.00175
                 252,            0.036371,            0.053123,            0.022049,             0.81341,             0.85321,             0.86201,             0.60829,            0.027836,            0.016921,            0.013599,            0.001717,            0.001717,            0.001717
                 253,            0.036661,            0.053649,            0.022268,             0.81309,             0.85336,             0.86227,             0.60819,            0.027842,            0.016924,            0.013601,            0.001684,            0.001684,            0.001684
                 254,            0.036298,            0.052933,            0.022047,             0.81223,             0.85326,             0.86243,             0.60859,            0.027845,            0.016923,              0.0136,            0.001651,            0.001651,            0.001651
                 255,            0.036434,            0.052282,            0.021933,              0.8121,              0.8527,             0.86235,              0.6087,            0.027848,            0.016924,            0.013609,            0.001618,            0.001618,            0.001618
                 256,            0.036416,            0.053581,            0.021875,             0.81256,             0.85381,             0.86236,             0.60873,            0.027855,            0.016923,            0.013612,            0.001585,            0.001585,            0.001585
                 257,            0.036346,            0.052793,            0.021685,             0.81221,             0.85352,              0.8627,             0.60906,            0.027857,            0.016923,            0.013621,            0.001552,            0.001552,            0.001552
                 258,            0.036427,            0.053816,            0.021902,             0.81231,             0.85344,             0.86242,             0.60905,            0.027856,            0.016923,            0.013626,            0.001519,            0.001519,            0.001519
                 259,            0.036234,            0.053514,            0.021705,             0.81333,             0.85362,              0.8628,             0.60904,            0.027861,            0.016923,            0.013637,            0.001486,            0.001486,            0.001486
                 260,            0.036211,            0.053565,            0.021547,             0.81279,             0.85361,             0.86265,             0.60904,            0.027861,            0.016923,            0.013647,            0.001453,            0.001453,            0.001453
                 261,            0.036318,            0.053145,            0.022023,             0.81276,             0.85361,              0.8625,             0.60892,            0.027862,            0.016922,            0.013647,             0.00142,             0.00142,             0.00142
                 262,            0.036329,            0.053165,            0.021238,             0.81274,             0.85417,             0.86274,             0.60909,            0.027868,            0.016922,            0.013643,            0.001387,            0.001387,            0.001387
                 263,            0.036265,            0.053503,            0.021003,             0.81356,             0.85278,             0.86214,              0.6092,            0.027868,             0.01692,            0.013657,            0.001354,            0.001354,            0.001354
                 264,             0.03606,            0.053305,            0.021144,             0.81381,             0.85278,             0.86242,             0.60939,            0.027866,             0.01692,            0.013664,            0.001321,            0.001321,            0.001321
                 265,            0.035974,            0.052991,            0.020821,             0.81463,             0.85347,             0.86296,             0.60932,            0.027867,             0.01692,             0.01366,            0.001288,            0.001288,            0.001288
                 266,            0.035975,            0.053876,             0.02134,             0.81326,             0.85498,               0.863,             0.60937,            0.027871,             0.01692,            0.013656,            0.001255,            0.001255,            0.001255
                 267,            0.035805,            0.053118,            0.021273,             0.81353,              0.8551,             0.86324,             0.60915,            0.027871,            0.016919,            0.013664,            0.001222,            0.001222,            0.001222
                 268,            0.036001,            0.053726,            0.021003,             0.81323,             0.85521,             0.86314,             0.60932,            0.027871,            0.016919,            0.013664,            0.001189,            0.001189,            0.001189
                 269,            0.035942,            0.053546,            0.020973,              0.8137,             0.85413,             0.86258,             0.60912,            0.027875,            0.016921,            0.013668,            0.001156,            0.001156,            0.001156
                 270,             0.03565,            0.053099,            0.020619,             0.81349,             0.85452,             0.86253,             0.60914,            0.027878,            0.016919,            0.013677,            0.001123,            0.001123,            0.001123
                 271,             0.03565,             0.05244,            0.020702,             0.81417,             0.85477,             0.86278,             0.60912,            0.027888,            0.016918,            0.013687,             0.00109,             0.00109,             0.00109
                 272,             0.03551,            0.052598,            0.020679,              0.8144,             0.85423,             0.86265,             0.60909,             0.02789,            0.016918,            0.013687,            0.001057,            0.001057,            0.001057
                 273,            0.035463,             0.05251,            0.020312,             0.81427,             0.85403,             0.86264,              0.6094,            0.027892,            0.016918,             0.01369,            0.001024,            0.001024,            0.001024
                 274,            0.035315,            0.051742,            0.020628,             0.81537,              0.8541,             0.86255,             0.60929,            0.027897,            0.016919,            0.013689,            0.000991,            0.000991,            0.000991
                 275,             0.03543,            0.052391,            0.020523,             0.81583,             0.85472,             0.86264,             0.60929,            0.027903,            0.016919,            0.013691,            0.000958,            0.000958,            0.000958
                 276,            0.035368,            0.052957,            0.020398,             0.81522,             0.85471,              0.8625,             0.60921,            0.027909,            0.016919,            0.013693,            0.000925,            0.000925,            0.000925
                 277,            0.035262,            0.051516,            0.020142,              0.8152,             0.85528,             0.86251,             0.60879,            0.027906,             0.01692,            0.013684,            0.000892,            0.000892,            0.000892
                 278,            0.035462,            0.052523,            0.020507,             0.81646,             0.85486,              0.8625,             0.60884,             0.02791,            0.016921,            0.013686,            0.000859,            0.000859,            0.000859
                 279,            0.035416,            0.052798,            0.020323,             0.81607,             0.85567,             0.86236,             0.60889,            0.027912,            0.016925,            0.013697,            0.000826,            0.000826,            0.000826
                 280,            0.035155,             0.05087,            0.020249,             0.81568,             0.85605,             0.86251,             0.60905,            0.027913,            0.016925,            0.013701,            0.000793,            0.000793,            0.000793
                 281,             0.03537,            0.051512,            0.020413,              0.8161,             0.85567,             0.86233,             0.60896,            0.027914,            0.016924,            0.013703,             0.00076,             0.00076,             0.00076
                 282,            0.035222,            0.053123,            0.019943,             0.81587,             0.85555,             0.86251,             0.60874,            0.027924,            0.016924,            0.013708,            0.000727,            0.000727,            0.000727
                 283,            0.035176,            0.051925,              0.0197,             0.81565,             0.85602,              0.8624,             0.60909,            0.027926,            0.016925,            0.013712,            0.000694,            0.000694,            0.000694
                 284,            0.034892,            0.050997,            0.019877,             0.81612,             0.85542,             0.86254,              0.6088,             0.02793,            0.016926,            0.013705,            0.000661,            0.000661,            0.000661
                 285,             0.03508,            0.051676,            0.020015,             0.81559,             0.85599,             0.86248,              0.6093,            0.027933,            0.016926,             0.01371,            0.000628,            0.000628,            0.000628
                 286,            0.034917,            0.051072,            0.019481,             0.81654,             0.85604,             0.86296,             0.60927,            0.027938,            0.016927,            0.013705,            0.000595,            0.000595,            0.000595
                 287,            0.034713,            0.051726,            0.019603,             0.81708,             0.85608,              0.8632,             0.60905,            0.027938,            0.016926,            0.013701,            0.000562,            0.000562,            0.000562
                 288,             0.03466,               0.051,            0.019505,             0.81706,              0.8556,               0.863,             0.60866,            0.027943,            0.016926,            0.013703,            0.000529,            0.000529,            0.000529
                 289,            0.034574,            0.051251,            0.019569,             0.81773,             0.85534,             0.86327,             0.60882,            0.027945,            0.016927,            0.013702,            0.000496,            0.000496,            0.000496
                 290,            0.034722,            0.051397,            0.019352,             0.81809,             0.85554,             0.86335,             0.60849,            0.027951,            0.016927,            0.013701,            0.000463,            0.000463,            0.000463
                 291,            0.034727,            0.051733,            0.019621,             0.81826,             0.85542,             0.86326,             0.60841,            0.027956,            0.016928,            0.013699,             0.00043,             0.00043,             0.00043
                 292,             0.03443,            0.049944,            0.019231,             0.81812,             0.85527,             0.86306,             0.60861,             0.02796,            0.016929,            0.013698,            0.000397,            0.000397,            0.000397
                 293,            0.034477,            0.049707,            0.019224,             0.81565,             0.85628,             0.86304,             0.60844,            0.027961,            0.016931,            0.013689,            0.000364,            0.000364,            0.000364
                 294,            0.034335,            0.051937,             0.01888,             0.81738,             0.85695,             0.86349,             0.60863,            0.027962,            0.016934,            0.013692,            0.000331,            0.000331,            0.000331
                 295,            0.034397,            0.050247,            0.019323,             0.81731,             0.85653,             0.86325,             0.60861,            0.027966,            0.016938,            0.013694,            0.000298,            0.000298,            0.000298
                 296,            0.034241,            0.051395,            0.018937,             0.81623,             0.85607,             0.86285,             0.60892,            0.027968,            0.016938,            0.013686,            0.000265,            0.000265,            0.000265
                 297,            0.034316,            0.051382,            0.019191,             0.81528,             0.85607,             0.86304,             0.60879,            0.027972,            0.016938,            0.013689,            0.000232,            0.000232,            0.000232
                 298,            0.034153,            0.050302,            0.018855,             0.81563,             0.85626,             0.86332,             0.60889,            0.027973,            0.016939,             0.01369,            0.000199,            0.000199,            0.000199
                 299,            0.034283,            0.050899,            0.018612,              0.8162,             0.85662,             0.86348,             0.60918,            0.027977,            0.016939,            0.013697,            0.000166,            0.000166,            0.000166
